Net generation for all sectors monthly,,,,,,,,,,,,,,,,,,
https://www.eia.gov/electricity/data/browser/#/topic/0?agg=2,0,1&fuel=vtvv&geo=0000000000008&sec=g&linechart=ELEC.GEN.ALL-HI-99.M~ELEC.GEN.COW-HI-99.M~ELEC.GEN.PEL-HI-99.M~ELEC.GEN.PC-HI-99.M~ELEC.GEN.NG-HI-99.M~ELEC.GEN.OOG-HI-99.M~ELEC.GEN.NUC-HI-99.M~ELEC.GEN.HYC-HI-99.M~ELEC.GEN.WND-HI-99.M~ELEC.GEN.SUN-HI-99.M~ELEC.GEN.GEO-HI-99.M~ELEC.GEN.BIO-HI-99.M~ELEC.GEN.WWW-HI-99.M~ELEC.GEN.WAS-HI-99.M~ELEC.GEN.HPS-HI-99.M~ELEC.GEN.OTH-HI-99.M~ELEC.GEN.TSN-HI-99.M~ELEC.GEN.DPV-HI-99.M&columnchart=ELEC.GEN.ALL-HI-99.M&map=ELEC.GEN.ALL-HI-99.M&freq=M&ctype=linechart&ltype=pin&rtype=s&pin=&rse=0&maptype=0,,,,,,,,,,,,,,,,
11:13:32 GMT-1000 (Hawaii-Aleutian Standard Time),,,,,,,,,,,,,,,,,,
Data source: U.S. Energy Information Administration,,,,,,,,,,,,,,,,,,
Month,all fuels (utility-scale) thousand megawatthours,coal thousand megawatthours,petroleum liquids thousand megawatthours,petroleum coke thousand megawatthours,natural gas thousand megawatthours,other gases thousand megawatthours,nuclear thousand megawatthours,conventional hydroelectric thousand megawatthours,wind thousand megawatthours,all utility-scale solar thousand megawatthours,geothermal thousand megawatthours,biomass thousand megawatthours,wood and wood-derived fuels thousand megawatthours,other biomass thousand megawatthours,hydro-electric pumped storage thousand megawatthours,other thousand megawatthours,all solar thousand megawatthours,small-scale solar photovoltaic thousand megawatthours
24-Feb,682.28669,,527.88439,,,0,,,60.28678,42.86455,,,,11.94287,,6.50573,155.58539,112.72084
24-Jan,775.41789,,628.62051,,,0,,,37.39126,38.80856,,,,19.87721,,14.57096,149.71612,110.90756
23-Dec,791.8888,,606.87424,,,0,,,54.34945,40.15599,31.44712,,,34.2911,,14.12206,143.50801,103.35202
23-Nov,804.22972,,626.65621,,,0,,,54.7715,44.26176,33.30432,,,20.09452,,16.43392,148.43548,104.17372
23-Oct,851.6863,,682.75887,,,0,,,30.24685,58.92642,32.65812,,,24.52119,,15.74874,177.00872,118.0823
23-Sep,814.43847,,616.41626,,,0,,,63.51072,63.77719,28.56397,,,19.23221,,14.5909,188.03939,124.2622
23-Aug,829.89378,,628.54465,,,0,,,62.69531,70.18748,25.59704,,,17.97632,,13.70152,206.18526,135.99778
23-Jul,814.27151,,603.05772,,,0,,,73.81751,67.6954,22.66308,,,17.49265,,17.94598,199.93059,132.23519
23-Jun,774.66892,,575.82316,,,0,,,60.35795,66.45073,27.56092,,,18.30913,,15.20732,197.52604,131.07531
23-May,770.83743,,576.3351,,,0,,,57.71111,59.07065,30.20152,,,19.45513,,13.6916,190.99549,131.92484
23-Apr,752.71112,,591.52142,,,0,,,50.41907,49.44064,26.83323,,,16.02153,,8.98506,169.51242,120.07178
23-Mar,780.27034,,624.39303,,,0,,,38.96419,46.69511,26.21574,,,18.24834,,14.36711,161.47865,114.78354
23-Feb,692.04353,,518.12451,,,0,,,65.83015,34.98448,26.59048,,,17.93069,,14.88689,130.03946,95.05498
23-Jan,794.63386,,638.70531,,,0,,,30.06543,41.88042,36.8467,,,20.57339,,16.67786,140.09425,98.21383
22-Dec,783.60836,,640.69338,,,0,,8.64114,46.24206,37.18741,18.90647,20.26701,4.38754,15.87947,,11.6709,130.18773,93.00032
22-Nov,778.59199,0,598.41809,,,0,,6.75063,66.46661,46.50939,17.77177,25.73355,4.22732,21.50623,,16.94195,139.16862,92.65923
22-Oct,858.17942,0,693.65327,,,0,,12.40258,38.69598,54.43763,16.89772,25.02302,3.85797,21.16505,,17.06924,160.58445,106.14682
22-Sep,825.13871,0,662.18976,,,0,,8.16661,46.02417,53.89675,17.03007,20.98376,4.26024,16.72352,,16.8476,167.80681,113.91006
22-Aug,841.47282,83.36776,582.64184,,,0,,7.27932,53.08679,62.07316,17.44069,20.83152,4.65713,16.17439,,14.75173,186.86444,124.79128
22-Jul,798.25348,78.14207,519.17453,,,0,,7.94675,85.69632,48.15734,17.42328,24.65243,4.67389,19.97854,,17.06076,174.72853,126.57119
22-Jun,757.10704,97.00761,476.70972,,,0,,14.30744,58.2697,47.56521,16.79217,26.63674,4.40033,22.23641,,19.81844,172.52384,124.95863
22-May,762.86109,90.71713,501.93011,,,0,,10.51476,56.57036,38.63413,17.42811,20.98304,4.26668,16.71636,,26.08345,163.49841,124.86428
22-Apr,737.90679,80.492,456.54452,,,0,,11.82541,76.35612,42.66746,16.96428,21.93372,4.08818,17.84554,,31.12328,159.36208,116.69462
22-Mar,765.83291,69.7964,531.72869,,,0,,7.6243,41.55376,45.28186,16.76479,23.46709,4.25023,19.21686,,29.61603,156.92102,111.63916
22-Feb,678.68028,86.88283,445.44952,,,0,,7.17737,34.6255,40.93466,15.92606,21.3172,4.11171,17.20549,,26.36714,135.79569,94.86103
22-Jan,749.80087,61.35211,546.04464,,,0,,7.44469,21.83451,37.69801,19.00059,25.23228,4.37378,20.8585,,31.19404,134.24707,96.54906
21-Dec,781.01599,79.69297,532.39063,,,0,,13.18839,67.70613,30.34889,16.84717,24.12067,0,24.12067,,16.72115,117.72409,87.3752
21-Nov,787.32769,100.62554,543.83023,,,0,,7.34662,36.94982,39.38738,15.61624,25.11408,0,25.11408,,18.45778,127.72366,88.33628
21-Oct,795.3138,94.69208,523.10142,,,0,,10.01584,64.93469,44.23222,15.08245,24.37836,0,24.37836,,18.87676,140.73626,96.50404
21-Sep,790.55045,85.01802,527.10343,,,0,,7.82182,64.23551,46.622,15.59287,25.40245,0,25.40245,,18.75435,152.65702,106.03502
21-Aug,827.39353,77.16354,572.54173,,,0,,8.90011,62.87141,48.67129,15.61787,23.16973,0,23.16973,,18.45785,165.29899,116.6277
21-Jul,812.684,107.37837,527.74562,,,0,,8.4813,61.0589,46.98164,15.77575,26.02691,0,26.02691,,19.23551,167.09464,120.113
21-Jun,779.45001,100.78923,517.1922,,,0,,7.57742,52.61833,53.41451,14.7696,20.96524,0,20.96524,,12.12348,172.06542,118.65091
21-May,764.06708,105.16943,507.27642,,,0,,8.73971,50.48016,50.06703,15.20355,18.11571,0,18.11571,,9.01507,169.63545,119.56842
21-Apr,699.09862,88.32248,457.1721,,,0,,9.11045,43.03725,44.08407,14.81766,24.90073,0,24.90073,,17.65387,156.60391,112.51984
21-Mar,729.92187,76.0621,493.05789,,,0,,14.18669,54.11971,35.51294,14.42767,25.10633,0,25.10633,,17.44854,142.81955,107.30661
21-Feb,654.2546,73.99983,451.64833,,,0,,9.35682,43.49611,32.3336,14.75851,18.27783,0,18.27783,,10.38357,120.42006,88.08646
21-Jan,761.11319,95.6415,502.14742,,,0,,10.24585,56.38298,35.57876,15.24167,27.05943,0,27.05943,,18.81558,125.25194,89.67318
20-Dec,781.8088,105.85277,524.96401,,,0,,8.24308,50.26869,36.15864,0.84231,23.84603,0,23.84603,,31.63328,122.95535,86.79671
20-Nov,780.04033,102.10422,519.46421,,,0,,9.4682,59.28613,34.76463,0.84933,23.60152,0,23.60152,,30.5021,120.44205,85.67742
20-Oct,830.18785,108.32264,604.98395,,,0,,5.06565,27.52229,39.7983,0.7763,24.90869,0,24.90869,,18.81003,137.19286,97.39456
20-Sep,760.73665,89.10813,520.25575,,,0,,6.15742,48.96153,50.30719,0.78771,24.45868,0,24.45868,,20.70023,156.37739,106.0702
20-Aug,781.13012,97.93357,521.29806,,,0,,6.2637,57.25705,49.46527,0.82096,20.14012,0,20.14012,,27.95138,164.73173,115.26646
20-Jul,780.38279,101.24369,520.07357,,,0,,7.67813,52.53695,46.40995,0.82197,21.31665,0,21.31665,,30.30189,161.90896,115.49901
20-Jun,736.74939,81.99452,505.82612,,,0,,7.44106,52.80533,47.09969,0.77724,19.98979,0,19.98979,,20.81565,160.45962,113.35993
20-May,712.23777,97.56764,458.46933,,,0,,7.52999,51.14277,49.3091,0.83617,20.36498,0,20.36498,,27.01781,163.27271,113.96361
20-Apr,678.7338,103.81759,438.73629,,,0.00015,,9.50707,40.84045,43.10471,0.84943,18.74946,0,18.74946,,23.12865,149.86634,106.76163
20-Mar,741.27704,109.4342,481.44744,,,0.96248,,12.85076,51.26767,33.55097,0.88658,20.78008,0,20.78008,,30.09686,132.48497,98.934
20-Feb,702.6205,88.96019,481.96124,,,1.17051,,7.64585,51.72141,29.86689,0.72576,15.90782,0,15.90782,,24.66083,116.48308,86.61619
20-Jan,793.11411,78.80754,571.72538,,,0.7409,,10.9691,48.62746,24.19467,0.66624,22.15759,0,22.15759,,35.22522,108.56093,84.36626
19-Dec,827.99208,107.66474,580.59279,,,0.52066,,9.97218,46.46173,24.60273,0,22.41091,0,22.41091,,35.76635,104.29062,79.68789
19-Nov,842.0709,120.42011,586.76859,,,0.57385,,7.8446,44.572,29.89003,0,19.70453,0,19.70453,,32.2972,109.04646,79.15643
19-Oct,887.23053,114.58526,631.53166,,,0.30906,,7.39677,49.01232,29.1295,0,23.24175,0,23.24175,,32.02421,121.62383,92.49433
19-Sep,878.32188,112.30016,626.85001,,,0.3588,,6.0376,43.18677,26.32955,0,25.90938,0,25.90938,,37.34961,123.74494,97.41539
19-Aug,906.25116,126.95245,650.92771,,,0.24516,,8.40573,35.14119,22.74138,0,25.05468,0,25.05468,,36.78286,128.97407,106.23269
19-Jul,858.64979,119.64001,610.51111,,,0.09457,,8.93874,38.94118,23.37331,0,24.71068,0,24.71068,,32.44019,132.62859,109.25528
19-Jun,823.27256,87.49758,608.59359,,,0.42555,,7.73323,39.59254,22.46366,0,23.18289,0,23.18289,,33.78352,122.28539,99.82173
19-May,821.51395,102.90476,581.80978,,,0.815,,8.13366,46.08114,22.40958,0,25.43912,0,25.43912,,33.92091,126.14724,103.73766
19-Apr,748.33482,114.18022,495.72366,,,0.41261,,10.02414,52.23164,21.65924,0,24.37822,0,24.37822,,29.72509,119.58039,97.92115
19-Mar,720.83928,107.23716,478.70683,,,0.70158,,7.45812,46.78455,18.2506,0,29.78921,0,29.78921,,31.91123,110.38073,92.13013
19-Feb,664.41143,94.52008,456.9249,,,0.54154,,5.92318,41.72819,14.0764,0,23.10887,0,23.10887,,27.58827,90.57566,76.49926
19-Jan,771.10971,94.04345,555.22871,,,0.62606,,6.67405,45.57675,13.21216,0,24.61178,0,24.61178,,31.13676,91.31453,78.10237
18-Dec,797.41664,110.16067,542.99702,,,1.6051,,6.51684,52.33204,12.3376,9.76913,26.62064,0,26.62064,,35.07759,86.1431,73.8055
18-Nov,828.19144,99.90416,588.42877,,,4.80203,,6.46755,48.60957,13.01705,9.21046,25.72216,0,25.72216,,32.02969,86.09013,73.07308
18-Oct,894.34795,101.95838,646.41962,,,5.99345,,8.31483,45.65349,15.66161,8.81464,29.40017,0,29.40017,,32.13175,98.56877,82.90716
18-Sep,868.80525,113.47768,621.75328,,,4.79371,,6.32468,39.54109,16.45024,9.15663,24.55849,0,24.55849,,32.74946,105.38018,88.92994
18-Aug,878.07842,123.71038,604.70877,,,5.10391,,8.17734,43.77156,17.60838,9.4122,28.78958,0,28.78958,,36.7963,113.61751,96.00913
18-Jul,852.48285,122.6199,591.57905,,,5.32396,,9.16028,34.73095,17.91503,9.43004,27.42429,0,27.42429,,34.29935,116.67947,98.76444
18-Jun,818.24625,106.32035,553.18595,,,5.92029,,8.33476,55.61819,19.501,8.89766,25.82453,0,25.82453,,34.64354,117.12944,97.62844
18-May,809.3406,81.80571,583.066,,,5.86755,,9.58491,53.04001,17.90098,9.53619,19.28428,0,19.28428,,29.25498,114.30833,96.40735
18-Apr,767.36798,107.84632,506.90657,,,4.67695,,10.69508,59.50351,15.33653,8.24311,27.66782,0,27.66782,,26.49208,105.4818,90.14527
18-Mar,768.27481,116.55092,496.75279,,,4.55289,,10.28618,59.8517,13.5323,9.4762,24.1833,0,24.1833,,33.08853,99.60266,86.07036
18-Feb,723.18422,108.62115,490.90108,,,2.79468,,6.76419,51.4711,11.92778,8.84163,17.84153,0,17.84153,,24.02109,83.09437,71.16659
18-Jan,791.0365,118.22732,522.24829,,,4.2871,,5.89337,57.8108,13.38763,9.30113,28.19578,0,28.19578,,31.68509,87.17967,73.79204
17-Dec,791.95113,116.10977,527.19685,,,4.74819,,6.81544,45.09756,11.4772,27.51372,23.90123,,23.90123,,29.09117,80.38335,68.90615
17-Nov,787.98169,119.05087,520.86333,,,5.29097,,6.62114,46.51702,12.30729,26.46157,21.19831,,21.19831,,29.67119,80.52726,68.21997
17-Oct,875.8654,119.41944,598.39093,,,4.24588,,8.33327,50.57155,15.34684,24.62949,24.08942,,24.08942,,30.83858,93.31325,77.96641
17-Sep,860.59013,126.24942,586.95722,,,4.20921,,3.91344,37.11139,16.14742,27.04234,26.86725,,26.86725,,32.09245,100.74641,84.59899
17-Aug,862.78217,129.69643,585.04143,,,3.83109,,4.46739,27.55169,18.09741,27.65203,30.05107,,30.05107,,36.39362,110.34574,92.24833
17-Jul,840.62191,129.74323,565.65007,,,4.44095,,3.61197,33.51328,17.80868,27.83642,24.53445,,24.53445,,33.48287,111.7278,93.91912
17-Jun,815.01381,112.73778,562.29039,,,4.42852,,4.31757,40.99628,18.52173,25.87899,21.32979,,21.32979,,24.51276,109.59176,91.07003
17-May,821.22347,127.51068,531.42037,,,4.53664,,6.32034,47.68556,18.51341,26.37326,26.37109,,26.37109,,32.49211,110.73565,92.22224
17-Apr,802.15613,107.90026,536.4442,,,3.94951,,5.84552,54.01068,14.46984,27.2828,22.1652,,22.1652,,30.08813,99.14787,84.67803
17-Mar,837.16733,128.39239,555.12269,,,4.52454,,4.11483,55.38699,14.85723,28.16071,24.32514,,24.32514,,22.2828,95.98054,81.12331
17-Feb,717.65367,92.84442,477.87971,,,4.65172,,4.09433,47.86567,9.01842,25.17798,26.74979,,26.74979,,29.37164,75.83008,66.81166
17-Jan,799.96121,66.06928,586.33895,,,3.16512,,7.61976,45.74733,8.45386,28.58271,21.17877,,21.17877,,32.80542,77.78547,69.33161
16-Dec,827.67948,125.56827,559.59138,,,3.51128,,10.77282,40.96461,5.70993,28.676,24.65627,,24.65627,,28.22892,60.317,54.60707
16-Nov,812.41307,127.41189,515.09819,,,3.30734,,9.27383,65.97305,7.12191,25.904,33.64832,,33.64832,,24.67454,61.54494,54.42303
16-Oct,865.86078,126.26553,552.11545,,,3.05447,,12.87114,72.68804,8.13502,26.765,33.70795,,33.70795,,30.25819,70.93932,62.8043
16-Sep,869.28783,121.844,575.12986,,,4.22267,,11.4275,60.17707,9.27471,23.804,32.57882,,32.57882,,30.82921,76.26472,66.99001
16-Aug,919.2995,123.95391,608.34534,,,4.73013,,7.85485,69.06129,9.95376,24.613,39.98328,,39.98328,,30.80395,82.87018,72.91642
16-Jul,885.00124,130.99216,594.17566,,,4.44754,,5.51235,61.55811,10.21974,19.016,30.46877,,30.46877,,28.61093,82.57756,72.35782
16-Jun,817.71185,117.87118,534.74422,,,4.45086,,6.16305,68.79286,7.93379,18.071,31.45322,,31.45322,,28.23167,79.18073,71.24694
16-May,825.34385,127.95322,561.77749,,,3.15653,,4.54639,50.31183,7.98989,16.895,31.64168,,31.64168,,21.07182,79.04562,71.05573
16-Apr,785.04407,118.00718,502.70988,,,4.60254,,6.91946,68.56324,6.47196,18.701,29.72835,,29.72835,,29.34045,72.48931,66.01735
16-Mar,794.71761,129.2062,533.55564,,,4.91102,,5.90268,35.20556,5.76225,21.336,30.08956,,30.08956,,28.7487,67.75107,61.98882
16-Feb,735.78629,121.35043,518.40581,,,5.20816,,4.08031,30.0481,6.62599,16.958,17.27256,,17.27256,,15.83692,60.21365,53.58766
16-Jan,810.69948,126.95555,584.66718,,,5.40348,,5.52463,15.78324,3.31197,19.363,24.23685,,24.23685,,25.45358,55.25714,51.94517
15-Dec,852.80652,119.54591,576.05515,,,4.30158,,14.86138,62.43223,3.86439,20.318,22.3506,,22.3506,,29.07729,51.62639,47.762
15-Nov,873.7154,125.26516,577.21878,,,3.43094,,18.65527,70.96409,4.46903,17.871,25.36973,,25.36973,,30.47142,50.64301,46.17398
15-Oct,904.18602,131.70656,638.59477,,,3.45809,,13.2223,40.08141,4.87739,18.481,25.74104,,25.74104,,28.02348,57.47314,52.59575
15-Sep,920.52008,127.87048,624.67054,,,5.18929,,16.3819,55.11091,5.71314,21.29,30.66567,,30.66567,,33.62816,61.33063,55.61749
15-Aug,971.68471,134.51391,665.52957,,,4.65659,,16.19517,44.57441,6.9038,24.822,41.20123,,41.20123,,33.28804,67.18345,60.27965
15-Jul,920.14885,122.03502,646.73658,,,5.27399,,2.8632,51.1643,4.95713,18.376,34.75785,,34.75785,,33.98478,66.17966,61.22253
15-Jun,823.15116,108.38644,575.3212,,,4.14332,,5.37369,50.11343,4.89491,17.567,26.45087,,26.45087,,30.9003,64.20828,59.31337
15-May,814.65972,87.49483,559.50952,,,3.20141,,15.12517,65.63686,4.72489,18.019,28.74404,,28.74404,,32.204,63.34649,58.6216
15-Apr,801.61764,71.40846,561.25335,,,2.84965,,15.04218,73.83345,4.70691,19.068,24.68265,,24.68265,,28.77299,59.79237,55.08546
15-Mar,779.63817,135.94624,523.84045,,,3.93543,,3.24259,42.43899,4.13502,19.562,20.08993,,20.08993,,26.44751,55.06557,50.93055
15-Feb,726.27566,106.08604,507.56015,,,4.459,,0.11559,37.78374,2.89673,15.95,19.76737,,19.76737,,31.65704,45.49157,42.59484
15-Jan,731.09633,67.1531,566.85972,,,5.2555,,0.09188,18.63818,2.2539,19.016,21.1203,,21.1203,,30.70773,44.51108,42.25718
14-Dec,827.59064,126.75866,553.1621,,,5.30115,,8.97276,44.78055,2.82251,19.808,30.92304,,30.92304,,35.06188,44.64238,41.81987
14-Nov,834.69504,132.01398,552.68553,,,5.54747,,10.95807,50.19764,4.10976,15.437,30.26855,,30.26855,,33.47704,44.77705,40.66729
14-Oct,921.75233,134.63666,632.67835,,,4.91666,,9.68419,53.32457,5.05881,15.211,32.91232,0,32.91232,,33.32978,50.95841,45.8996
14-Sep,912.3733,129.61706,649.76425,,,5.37248,,9.74639,32.68336,5.48071,18.501,27.85292,0,27.85292,,33.35515,54.2707,48.78999
14-Aug,920.44877,132.30413,623.77789,,,6.17888,,7.51681,58.53825,5.54971,12.703,34.91154,0,34.91154,,38.96856,57.98189,52.43218
14-Jul,903.88317,132.93019,579.28693,,,6.23058,,8.15226,73.65626,2.92136,24.69,36.96809,0,36.96809,,39.0475,55.96854,53.04718
14-Jun,835.81704,119.05966,549.85475,,,5.48076,,4.8739,68.26616,3.16345,23.851,31.53322,0,31.53322,,29.73415,54.72277,51.55932
14-May,846.87062,134.26463,575.81534,,,5.7613,,5.2179,35.19081,2.89755,24.565,30.3714,0,30.3714,,32.7867,54.15933,51.26178
14-Apr,798.51834,122.08121,505.66476,,,4.88123,,6.778,74.07406,2.4787,24.338,24.76515,0,24.76515,,33.45725,49.73459,47.25589
14-Mar,813.6186,119.49943,558.25354,,,4.54936,,8.47569,43.78175,2.18935,25.573,17.78459,0,17.78459,,33.51189,46.42252,44.23317
14-Feb,766.48693,94.80838,579.25409,,,3.58859,,6.18537,16.21581,1.35274,23.592,14.60475,0,14.60475,,26.88521,38.25444,36.9017
14-Jan,822.10347,133.20984,565.72112,,,4.39552,,7.52177,27.90778,1.23711,25.572,21.13453,0,21.13453,,35.4038,38.48649,37.24938
13-Dec,867.98329,134.51295,601.11413,,,3.58727,,2.41679,34.00495,1.78189,25.948,30.45442,0,30.45442,,34.16288,,
13-Nov,852.76396,124.08163,596.35572,,,3.49029,,4.07801,34.91749,1.76262,24.643,28.121,0,28.121,,35.3142,,
13-Oct,917.70332,121.10066,656.96832,,,3.66634,,3.48287,33.24142,2.14465,24.582,32.99841,0,32.99841,,39.51865,,
13-Sep,879.00636,128.67485,596.85227,,,3.65812,,1.15405,52.18004,2.03659,22.76,33.83604,0,33.83604,,37.8544,,
13-Aug,924.3311,134.22916,625.64639,,,4.35547,,9.2635,60.59598,2.0438,18.939,30.63197,0,30.63197,,38.62584,,
13-Jul,910.19129,129.44515,616.44247,,,3.72566,,3.38454,53.43918,1.76189,25.316,32.69702,0,32.69702,,43.97938,,
13-Jun,839.45028,127.0716,569.33586,,,3.04832,,6.7639,64.87732,1.89276,24.461,23.79346,0,23.79346,,18.20606,,
13-May,864.58767,132.17098,600.30658,,,3.10948,,8.70976,34.19985,1.63909,25.732,30.73884,0,30.73884,,27.98109,,
13-Apr,827.54875,125.85071,584.6039,,,2.64969,,2.73247,24.74195,1.44733,25.082,30.01431,0,30.01431,,30.42638,,
13-Mar,809.00401,82.97795,616.86697,,,3.48112,,6.49997,25.79803,1.34054,18.95,21.50079,0,21.50079,,31.58864,,
13-Feb,743.51689,71.58245,526.25459,,,2.96775,,15.58234,57.34765,0.95622,21.371,16.53621,0,16.53621,,30.91869,,
13-Jan,830.96536,92.05577,632.01859,,,3.59016,,14.22645,27.96614,0.65859,17.057,18.04177,0,18.04177,,25.35089,,
12-Dec,1122.65697,132.83659,860.36188,,,3.58785,,14.45185,37.42035,0.47372,20.534,19.028,0,19.028,,33.96273,,
12-Nov,838.17744,128.4173,590.32244,,,3.2689,,2.48876,34.63478,0.32778,24.462,24.83507,0,24.83507,,29.42042,,
12-Oct,885.66438,132.18433,649.75971,,,3.33881,,1.71874,15.1464,0.44393,24.139,27.93663,0,27.93663,,30.99683,,
12-Sep,842.96652,127.73227,587.58627,,,3.93118,,5.06687,29.1799,0.47528,22.892,31.57981,0,31.57981,,34.52294,,
12-Aug,902.99003,135.32126,640.67593,,,4.4097,,9.45305,34.55219,0.47894,15.366,30.74052,0,30.74052,,31.99244,,
12-Jul,871.71991,131.99656,590.47726,,,3.99101,,11.22709,51.66758,0.52501,23.033,27.2192,0,27.2192,,31.58321,,
12-Jun,827.7309,128.61779,587.16681,,,4.21985,,10.21882,28.78773,0.55853,22.395,25.27221,0,25.27221,,20.49416,,
12-May,865.42373,131.41366,589.57552,,,3.79655,,10.58469,38.17965,0.52299,23.331,31.13499,0,31.13499,,36.88468,,
12-Apr,817.67242,123.52402,573.5596,,,3.84964,,15.72814,34.52808,0.34527,22.275,19.32996,0,19.32996,,24.53271,,
12-Mar,844.59816,121.03362,593.89044,,,3.91135,,21.36508,34.63598,0.23946,21.855,17.99483,0,17.99483,,29.67242,,
12-Feb,801.00653,118.8427,573.42693,,,4.40079,,10.06141,24.1415,0.13086,21.352,14.63089,0,14.63089,,34.01943,,
12-Jan,848.66167,125.42018,645.95759,,,4.33067,,2.2165,15.35986,0.08623,19.363,11.274,0,11.274,,24.65365,,
11-Dec,888.02845,61.55054,690.58565,,,2.97976,,20.59264,44.39234,0.12986,19.184,15.44297,0,15.44297,,33.17069,,
11-Nov,882.80177,102.81321,640.69894,,,2.60433,,19.10657,46.06088,0.15254,17.765,20.34651,0,20.34651,,33.25377,,
11-Oct,922.263,130.42428,680.16372,,,2.72682,,1.3458,31.61074,0.27381,19.773,29.34782,0,29.34782,,26.59702,,
11-Sep,900.0989,107.08435,695.36829,,,3.22489,,0.29949,20.6305,0.33169,18.222,29.69474,0,29.69474,,25.24296,,
11-Aug,946.17181,129.80479,689.17286,,,3.35561,,3.50666,39.13978,0.44588,19.792,33.03941,0,33.03941,,27.91483,,
11-Jul,914.18456,128.27315,669.37231,,,3.217,,1.90308,35.59505,0.42574,14.171,29.29706,0,29.29706,,31.93017,,
11-Jun,875.9645,124.73548,623.06552,,,3.14646,,11.13413,29.84866,0.50036,19.001,31.18177,0,31.18177,,33.35113,,
11-May,905.26963,134.2005,640.57065,,,2.82543,,15.18669,25.63427,0.42944,19.418,31.41695,0,31.41695,,35.58771,,
11-Apr,884.6422,127.69361,660.64977,,,2.81754,,8.39324,11.99783,0.3663,19.036,25.81144,0,25.81144,,27.87646,,
11-Mar,907.0836,114.60917,671.12948,,,3.07091,,9.23484,42.83228,0.26952,19.386,21.42422,0,21.42422,,25.12718,,
11-Feb,824.0001,126.40455,613.26393,,,2.64605,,2.01301,1.61991,0.19082,18.265,27.88918,0,27.88918,,31.70764,,
11-Jan,872.82441,136.44206,649.88412,,0,2.63539,,0.42459,11.44975,0.07704,19.875,17.73486,0,17.73486,,34.3016,,
10-Dec,904.2771,139.85271,674.19402,,,1.83086,,8.19967,7.47565,0.05105,19.025,19.31438,0,19.31438,,34.33375,,
10-Nov,880.23787,126.99511,671.50837,,,1.74693,,7.30508,14.90135,0.09603,18.45,16.78746,0.00916,16.7783,,22.44756,,
10-Oct,953.12911,135.15616,707.17402,,,1.56303,,4.97334,23.44991,0.10331,16.485,31.4991,0,31.4991,,32.72522,,
10-Sep,940.47912,128.24526,692.67848,,,1.85537,,4.25923,24.37948,0.19665,19.415,26.95466,0,26.95466,,42.495,,
10-Aug,978.51875,136.79311,710.05955,,,2.04365,,5.00953,36.53339,0.23219,20.485,34.48064,0,34.48064,,32.88171,,
10-Jul,936.3107,131.28318,707.06269,,,1.86474,,5.75607,28.43658,0.24442,20.715,21.26928,0,21.26928,,19.67874,,
10-Jun,911.1163,130.68476,668.32412,,,1.87242,,5.23053,25.89981,0.26381,19.204,29.63412,0,29.63412,,30.00273,,
10-May,919.57215,112.30143,696.47615,,,1.97376,,4.72686,20.70464,0.23272,18.872,33.09642,0,33.09642,,31.18816,,
10-Apr,856.70136,117.41091,635.00143,,,1.82773,,8.80211,28.2107,0.16896,10.706,24.94344,0,24.94344,,29.6301,,
10-Mar,870.72908,125.771,646.98664,,,1.96094,,7.13106,28.32581,0.11605,12.238,16.64853,0,16.64853,,31.55106,,
10-Feb,785.10061,121.66365,597.54311,,,1.6056,,3.76742,14.18897,0.0502,11.094,11.80211,0,11.80211,,23.38556,,
10-Jan,899.86382,139.35612,680.32795,,,1.77021,,5.26212,8.61372,0.0146,13.906,17.05264,0,17.05264,,33.56048,,
9-Dec,894.31642,136.82106,680.87112,,,1.93134,,3.99162,7.76073,0.02968,14.037,19.87878,,19.87878,,28.9951,,
9-Nov,915.78662,132.8036,672.10007,,,1.91329,,15.38734,30.64468,0.06132,16.975,17.00869,,17.00869,,28.89264,,
9-Oct,993.73101,137.68878,770.0234,,,2.0351,,10.55268,12.70416,0.10544,12.95,24.45612,,24.45612,,23.21534,,
9-Sep,956.02499,130.06299,711.85379,,,2.1492,,4.38381,30.40895,0.14635,12.296,30.0302,,30.0302,,34.69371,,
9-Aug,987.82554,135.31501,743.31174,,,2.12491,,3.63241,32.16204,0.18141,10.344,28.19343,,28.19343,,32.56059,,
9-Jul,978.9184,126.63823,741.31976,,,2.03333,,10.52702,33.22396,0.19142,9.049,25.64933,,25.64933,,30.28636,,
9-Jun,935.32626,129.16532,699.27518,,,1.83855,,6.08822,21.94791,0.1657,10.601,30.5915,,30.5915,,35.65287,,
9-May,920.86106,113.91076,730.97466,,,1.64008,,0.25291,0.80102,0.17314,10.905,26.51751,,26.51751,,35.68598,,
9-Apr,858.08568,123.65538,623.22455,,,1.59613,,18.58723,19.52883,0.15666,12.915,24.17686,,24.17686,,34.24504,,
9-Mar,887.27493,132.90533,632.1602,,,1.74909,,20.15235,23.56627,0.12204,18.236,23.24216,,23.24216,,35.14149,,
9-Feb,796.36612,89.36964,610.25197,,,1.63873,,10.49403,25.11994,0.04785,18.761,16.15754,,16.15754,,24.52542,,
9-Jan,886.01585,111.82981,673.74048,,,1.69509,,8.59902,13.55851,0.00899,20.522,18.52455,,18.52455,,37.53741,,
8-Dec,907.51986,136.92299,696.40804,,,2.4683,,9.77272,11.55364,0.018,20.65,16.85578,,16.85578,,12.87039,,
8-Nov,921.66534,139.82929,700.34987,,,2.37233,,2.52214,16.50582,0,19.241,27.87534,,27.87534,,12.96956,,
8-Oct,973.25134,133.13966,769.91533,,,2.65849,,0.41957,18.95377,0,17.993,22.02589,,22.02589,,8.14562,,
8-Sep,954.41522,127.15261,748.60813,,,2.70845,,0.00943,17.42353,0,18.562,26.45893,,26.45893,,13.49214,,
8-Aug,980.69966,141.26547,737.69275,,,3.78556,,4.50214,29.6503,0,19.89,29.23093,,29.23093,,14.68249,,
8-Jul,1015.16371,143.69383,771.02224,,,3.84832,,6.402,25.33013,0,20.963,29.40913,,29.40913,,14.49507,,
8-Jun,955.38028,138.48356,723.28376,,,3.73058,,0.94286,21.9662,0,19.598,32.5247,,32.5247,,14.85064,,
8-May,978.48276,136.11601,741.53446,,,3.44072,,10.13572,20.80241,0,19.892,31.75164,,31.75164,,14.80979,,
8-Apr,920.19253,133.52736,699.18832,,,3.36163,,7.029,18.8656,0,16.723,26.95238,,26.95238,,14.54524,,
8-Mar,963.36591,140.08081,736.14985,,,3.47815,,9.11272,16.64218,0,20.936,26.25592,,26.25592,,10.7103,,
8-Feb,880.77321,135.40803,663.19915,,,3.19348,,18.65444,11.7874,0,19.311,16.09548,,16.09548,,13.12424,,
8-Jan,925.47524,141.97229,682.58237,,,3.52633,,14.84058,30.54204,0,20.574,16.98697,,16.98697,,14.45066,,
7-Dec,964.50135,145.78789,717.7037,,,4.15254,,18.27578,28.27718,,17.448,18.45815,,18.45815,,14.39811,,
7-Nov,898.54808,91.08888,725.48682,,,4.6322,,4.2542,13.01339,,16.52,28.70816,,28.70816,,14.84443,,
7-Oct,1005.47173,87.57852,809.08833,,,4.04917,,10.0246,31.55557,,20.888,28.39125,,28.39125,,13.89628,,
7-Sep,993.67562,144.36601,772.31301,,,4.68779,,8.38994,25.0609,,16.56,14.973,,14.973,,7.32498,,
7-Aug,1041.68493,140.76713,815.07674,,,4.5393,,6.82634,23.86256,,20.793,21.63514,,21.63514,,8.18472,,
7-Jul,1017.92219,138.12162,781.14032,,,4.09804,,4.07482,31.79604,,20.702,26.71644,,26.71644,,11.27292,,
7-Jun,969.70504,138.82649,739.81921,,,3.22912,,2.01034,21.8306,,20.415,30.49566,,30.49566,,13.07864,,
7-May,979.27004,140.2913,751.49354,,,2.93726,,1.47222,16.25572,,21.113,30.99363,,30.99363,,14.71337,,
7-Apr,921.32652,134.28644,693.4951,,,2.23558,,9.38157,21.07112,,16.656,29.76226,,29.76226,,14.43846,,
7-Mar,949.52323,140.90556,735.698,,,3.86108,,7.11402,7.75417,,21.267,21.24891,,21.24891,,11.67451,,
7-Feb,838.19993,133.45633,644.21796,,,3.00836,,6.88726,8.77205,,18.632,12.85209,,12.85209,,10.37389,,
7-Jan,953.52091,143.45519,728.67456,,,3.79534,,13.63238,8.9347,,18.892,21.04241,,21.04241,,15.09433,,
6-Dec,949.50621,134.77044,728.51909,,,3.92682,,7.94733,10.92688,,17.637,29.59498,,29.59498,,16.18368,,
6-Nov,950.19846,134.32193,737.14558,,,4.08556,,8.0825,7.65905,,13.511,29.29768,,29.29768,,16.09516,,
6-Oct,991.56549,133.074,776.41206,,,3.85083,,9.09133,7.15717,,15.841,29.00151,,29.00151,,17.13759,,
6-Sep,992.22176,135.19803,776.19636,,,3.92427,,7.47079,11.35822,,14.187,27.4635,,27.4635,,16.42359,,
6-Aug,1118.09757,140.42751,906.77181,,,3.25067,,8.35493,13.70363,,15.734,20.39921,,20.39921,,9.45582,,
6-Jul,1031.99356,141.61145,807.72065,,,4.58201,,9.28553,15.19606,,17.621,24.09975,,24.09975,,11.87712,,
6-Jun,1000.22111,134.32711,782.9351,,,4.55782,,9.17476,9.45473,,20.613,23.82395,,23.82395,,15.33464,,
6-May,952.48796,127.35432,735.68629,,,4.88227,,13.03792,3.24063,,21.223,29.96952,,29.96952,,17.09402,,
6-Apr,894.86142,132.80144,690.19655,,,3.14223,,12.47186,0.35372,,17.031,26.21236,,26.21236,,12.65228,,
6-Mar,922.48707,135.53608,708.67097,,,1.1251,,13.69166,0.20673,,20.769,27.47872,,27.47872,,15.00882,,
6-Feb,819.45497,100.36015,646.69198,,,2.40503,,9.37077,0.18396,,17.706,28.63616,,28.63616,,14.10092,,
6-Jan,936.07807,98.81271,757.52709,,,3.02404,,12.10784,0.23323,,20.403,29.71495,,29.71495,,14.25522,,
5-Dec,997.28509,138.82138,789.30926,,,3.0515,,3.66748,0.41268,,20.972,26.72234,,26.72234,,14.32845,,
5-Nov,903.79725,136.78464,696.3177,,,3.21446,,8.22913,0.43223,,18.648,26.78348,,26.78348,,13.38762,,
5-Oct,969.19217,140.13837,767.22803,,,2.84412,,9.10953,0.55193,,14.917,22.24445,,22.24445,,12.15873,,
5-Sep,1051.218,131.02413,849.82747,,,2.9978,,8.82587,0.58531,,19.353,26.64904,,26.64904,,11.95538,,
5-Aug,1096.99442,137.24059,894.09733,,,3.1823,,9.79002,0.51334,,20.269,22.11735,,22.11735,,9.78449,,
5-Jul,1055.72265,141.34051,835.66304,,,3.38666,,12.0749,0.66651,,20.361,28.484,,28.484,,13.74602,,
5-Jun,951.03846,137.70391,737.31141,,,3.20788,,10.3933,0.77296,,18.143,29.79515,,29.79515,,13.71084,,
5-May,960.60737,141.13398,752.54813,,,3.55469,,10.91645,0.65362,,18.443,23.9336,,23.9336,,9.42392,,
5-Apr,886.80514,134.05598,696.33623,,,3.9402,,10.709,0.70855,,15.328,18.35413,,18.35413,,7.37305,,
5-Mar,888.27122,138.37174,677.68145,,,3.71323,,4.84347,0.5555,,19.018,29.63901,,29.63901,,14.44882,,
5-Feb,802.47195,120.28796,614.69292,,,4.2549,,3.87145,0.42635,,17.223,26.46196,,26.46196,,15.25343,,
5-Jan,959.40164,134.01486,756.57905,,,3.78549,,3.75734,0.35303,,18.922,28.55511,,28.55511,,13.43476,,
4-Dec,953.45035,144.22437,725.91382,,,4.51287,,13.83943,0.54472,,18.947,29.66515,,29.66515,,15.80299,,
4-Nov,940.23912,142.17409,724.53116,,,4.59333,,6.54249,0.36819,,18.134,29.26095,,29.26095,,14.63491,,
4-Oct,995.46866,145.68783,790.20037,,,3.91819,,1.80296,0.52959,,15.245,25.40543,,25.40543,,12.67929,,
4-Sep,1000.78888,140.92581,797.82497,,,1.10141,,0,0.61534,,17.834,27.76441,,27.76441,,14.72295,,
4-Aug,1032.49253,142.00557,817.13043,,,3.72419,,3.57109,0.83222,,18.753,29.09431,,29.09431,,17.38172,,
4-Jul,1006.47303,132.59938,800.22722,,,3.76558,,3.9696,1.03901,,18.501,29.39156,,29.39156,,16.97968,,
4-Jun,951.76642,128.58306,749.03318,,,3.32176,,8.10944,1.01379,,17.603,28.46008,,28.46008,,15.64211,,
4-May,938.89725,136.02926,728.14857,,,4.97057,,9.90079,0.63047,,14.503,29.57933,,29.57933,,15.13527,,
4-Apr,906.67172,108.56413,709.57935,,,4.04907,,20.59085,0.68091,,18.721,29.23974,,29.23974,,15.24667,,
4-Mar,905.14607,127.76527,718.57013,,,4.83144,,13.76205,0.56994,,18.581,16.03619,,16.03619,,5.03005,,
4-Feb,870.4349,125.83747,674.06268,,,4.74494,,7.36272,0.37828,,17.989,26.819,,26.819,,13.24081,,
4-Jan,908.57366,129.35508,709.47439,,,4.37478,,4.44936,0.29254,,18.477,28.11541,,28.11541,,14.0351,,
3-Dec,918.366,143.341,698.859,,,3.361,,10.205,0.135,,18.957,27.6492,,27.6492,,15.8588,,
3-Nov,907.466,134.122,696.673,,,3.324,,7.731,0.153,,18.486,32.4531,,32.4531,,14.5239,,
3-Oct,992.259,139.744,780.59,,,3.638,,5.93,0.093,,16.295,32.129,,32.129,,13.84,,
3-Sep,959.19,124.574,761.995,,,3.515,,6.097,0.103,,17.974,31.0966,,31.0966,,13.8364,,
3-Aug,985.653,140.208,767.921,,,3.609,,7.56,0.247,,18.999,31.3055,,31.3055,,15.8035,,
3-Jul,974.551,140.472,755.242,,,3.57,,8.838,0.174,,19.347,33.3285,,33.3285,,13.5805,,
3-Jun,920.525,136.721,705.798,,,3.369,,8.187,0.14,,17.872,32.34965,,32.34965,,16.08835,,
3-May,921.209,139.718,701.801,,,3.385,,8.226,0.131,,14.917,36.97115,,36.97115,,16.05885,,
3-Apr,863.887,133.725,658.541,,,3.172,,8.337,0.157,,16.283,30.1105,,30.1105,,13.5625,,
3-Mar,896.323,141.503,700.329,,,3.292,,6.976,0.072,,9.785,25.3737,,25.3737,,8.9923,,
3-Feb,784.072,127.281,609.983,,,2.875,,6.71,0.126,,5.487,17.26465,,17.26465,,14.34635,,
3-Jan,852.87,142.728,664.82,,,3.14,,5.708,0.043,,3.89,17.135,,17.135,,15.406,,
2-Dec,952.904,129.082,776.654,,,2.41,,6.018,0.105,,4.096,19.67512,,19.67512,,14.86388,,
2-Nov,944.493,131.816,776.073,,,3.427,,5.737,0.142,,3.1,13.9524,,13.9524,,10.2456,,
2-Oct,1012.934,104.839,861.942,,,3.701,,5.587,0.16,,3.745,18.69024,,18.69024,,14.26976,,
2-Sep,1007.821,133.295,813.22,,,3.35,,7.679,0.144,,3.619,32.65036,,32.65036,,13.86364,,
2-Aug,1061.995,129.464,867.184,,,3.775,,9.58,0.174,,3.614,34.35316,,34.35316,,13.85084,,
2-Jul,1034.145,138.6,826.719,,,2.422,,10.021,0.198,,3.438,36.89956,,36.89956,,15.84744,,
2-Jun,986.944,132.559,791.122,,,2.925,,7.853,0.198,,3.43,34.04416,,34.04416,,14.81284,,
2-May,986.886,140.21,787.065,,,3.497,,9.052,0.075,,3.279,30.16124,,30.16124,,13.54676,,
2-Apr,950.402,130.148,792.087,,,3.215,,5.364,0.047,,2.836,15.133,,15.133,,1.572,,
2-Mar,942.555,126.818,763.029,,,3.759,,9.296,0.111,,11.675,21.5892,,21.5892,,6.2778,,
2-Feb,841.556,115.001,667.867,,,3.5,,9.388,0.185,,13.415,20.88788,,20.88788,,11.31212,,
2-Jan,940.438,133.964,744.029,,,4.835,,9.492,0.078,,16.514,18.50768,,18.50768,,13.01832,,
1-Dec,868.634,128.96,675.866,,0,4.264,,7.325,0.187,,17.504,21.92611,,21.92611,,12.60189,,
1-Nov,863.437,139.771,659.81,,0,4.673,,9.381,0.147,,17.946,20.65517,,20.65517,,11.05383,,
1-Oct,914.094,133.282,704.728,,0,4.096,,9.88,0.25,,19.252,26.70334,,26.70334,,15.90266,,
1-Sep,898.73,136.116,700.479,,0,2.449,,8.257,0.23,,8.486,26.9145,,26.9145,,15.7985,,
1-Aug,957.816,139.326,746.864,,0,2.48,,9.768,0.235,,15.514,26.95828,,26.95828,,16.67072,,
1-Jul,936.028,137.736,725.066,,0,2.619,,7.624,0.185,,17.576,27.70373,,27.70373,,17.51827,,
1-Jun,873.879,136.812,659.671,,0,2.329,,7.376,0.101,,18.505,30.23986,,30.23986,,18.84514,,
1-May,885.862,140.633,668.662,,0,2.754,,8.926,0.142,,19.538,28.09281,,28.09281,,17.11419,,
1-Apr,835.878,110.75,653.38,,0,3.113,,9.808,0.265,,18.061,25.13804,,25.13804,,15.36296,,
1-Mar,873.314,136.641,691.012,,0,2.577,,8.008,0.16,,18.048,11.73094,,11.73094,,5.13706,,
1-Feb,800.847,130.576,612.729,,0,2.521,,7.784,0.111,,15.025,20.54733,,20.54733,,11.55367,,
1-Jan,924.573,134.161,725.556,,0,3.98,,6.613,0.109,,21.137,21.09826,,21.09826,,11.91874,,